Unnamed: 0,full_name,label
956014,triston cole for state senate,0
19742,american electric power company mi c,0
284827,committee to elect matthew r kacel,0
293088,committee to reelect cynthia lane ju,0
1781233,cte james jolly for judge,0
78809,heat and frost insulators local 25 p,0
55526,get kids back to school pac,0
61012,friends of phil skaggs,0
12737,the mannik and smith group inc michi,0
66985,saginaw county republican committee,0
1627569,cte william burton,0
288274,committee to elect tommy brann for s,0
137565,michigan emergency doctors political,0
85809,huizenga for michigan leadership fun,0
383496,wm good government superpac,0
1579019,committee to elect moneka sanford fo,0
65210,raise the wage mi,0
346495,3m company pac,0
55533,wayne 11th congressional district re,0
1635001,latoya m. willis for court of appeal,0
61000,committee to elect cynthia r neeley,0
49962,local 1557 intl assoc of firefighter,0
381660,miooh fund,0
385208,wont back down pac (superpac),0
509266,humane society legislative fund (sup,0
263253,committee to elect cathy albro,0
289853,veronica klinefelt for state senate,0
289808,friends to elect kim coonan state re,0
33108,kyra harris bolden for state rep,0
698448,tina bednarski-lynch for state repre,0
11561,total community options michigan pac,0
266572,john braamse for state senate,0
102986,protect mi vote,0
1088418,rigas leadership fund,0
1626068,american arab and muslim political a,0
68673,bob bezotte for state rep,0
1924847,save our schools pac,0
19752,committee to elect brenda carter,0
68678,dylan pescarolo for state representa,0
381665,chris martin for east lansing judge,0
292954,voters action committee (superpac),0
62152,vega fund,0
289870,denise mentzer for state representat,0
60994,arab american political action commi,0
1667297,shink resilient michigan fund,0
325881,cte pamela pugh,0
57608,vanwoerkom solutions pac,0
289834,committee to elect larry jackson,0
10745,police officers assn of mi poam,0
8755,dearborn firefighters political acti,0
38949,support las,0
289943,committee to elect lynn afendoulis,0
1553504,michelle ambrozaitis for judge,0
168253,norfolk southern good government fun,0
57599,committee to elect daire rendon,0
1573102,friends of stephen wooden,0
16449,committee to elect ed mcbroom,0
68687,wayne schmidt for state senate,0
572737,committee to elect george lucas,0
85798,red cedar conservatives pac,0
55522,coalition for common sense,0
14855,friends of timothy h beson,0
1712273,price majority fund,0
289922,cte joseph aragona,0
996424,5th district republican committee,0
61011,promote the vote action,0
65207,mi funeral directors assn pac mfda,0
1315475,jennifer parmalee for probate judge,0
16472,black slate inc,0
298555,committee to elect vicki barnett to,0
371423,human rights campaign pac,0
381648,committee to elect ron hawkins 2022,0
289893,emily bauman for michigan,0
427995,warner norcross and judd pac wnj pac,0
51620,michigan assisted living association,0
367747,committee to elect shirley stancato,0
1952993,citizens for accountable government,0
65211,mi working families party pac,0
47685,flagstar bank pac,0
1106201,tyson foods inc political action com,0
38950,business leaders for michigan pac ii,0
132994,cte jason kolkema for district court,0
70235,angela witwer for state representati,0
1495169,lucido for a brighter tomorrow pac,0
289877,michael bosnic for judge,0
52681,a t and t michigan pac,0
5189,lincoln park firefighters pac,0
367746,united deer farmers of michigan deer,0
417477,amos oneal leadership pac,0
289851,iron workers local 25,0
186354,community change voters (superpac),0
1749487,join the union,0
385180,borton leadership,0
55536,committee to elect marla linderman r,0
16445,committee to elect samantha stecklof,0
1064497,lisa neilson for court of appeals,0
997557,chippewa county republican committee,0
11559,mi professional firefighters union,0
552853,make democracy work,0
1009455,stacey truesdell for probate judge,0
1007740,michigan smart td pac,0
38941,genesee landlords assn pac,0
19749,mccann for michigan,0
288129,mark bernstein for university of mic,0
60995,warren professional firefighters ss,0
979809,com reelct judge sheila ann gibson,0
291368,committee to elect dewaun e robinson,0
303977,friends of mitchell robinson,0
66990,cte pamela hornberger for state sena,0
288422,greater metropolitan association of,0
1569273,committee to elect matt longjohn,0
70248,felicia brabec for state representat,0
102984,monroe plumbers and pipe fit l671,0
1059433,friends of judge andrew kowalkowski,0
391389,safe accessible fair elections michi,0
55525,ronnie peterson committee,0
288119,committee to elect martha ptashnik,0
291635,morgan cole for 30th circuit court j,0
186337,retail wholesale department store un,0
289913,friends of jamie thompson,0
1088388,michigan republican assembly,0
65179,joe tate leadership pac,0
1296912,action changes things political acti,0
124490,vote kelly breen,0
574557,parker fairbairn for state represent,0
1601127,kalamazoo county democratic party,0
1674247,matthew ackerman for court of appeal,0
1953046,friends of emu,0
6532,iosco county democratic party,0
989006,committee to elect kristian grant,0
1553508,committee to elect david m. glancy,0
1626064,american energy action fund,0
244299,leaders engaged actively in democrac,0
1013750,republican caucus of saginaw county,0
1862191,dan obrien for probate judge,0
85806,clements leadership fund,0
1300381,committee to elect russell cleary,0
263264,friends of brian hosticka,0
275165,mark gunn for state representative,0
1577163,austin marsman for michigan,0
216539,giffords pac,0
608377,protect mi voter id,0
65184,wexford county democratic party,0
381671,citizens for positive progress,0
291611,comm for local empowerment superpac,0
31018,giarmarco mullins and horton pac,0
289794,megan cottington heath for circuit c,0
65193,vanderwall majority fund,0
57604,sarah hubbard for michigan,0
261554,committee to elect dan vanden heede,0
289803,committee to elect andrew concannon,0
7221,cte richard m steenland,0
1404250,tamara lopez for kent county probate,0
1063105,van buren county democratic committe,0
57590,committee to elect mary whiteford,0
263254,committee to elect reggie reg davis,0
62160,12th congressional district republic,0
85815,friends of mari manoogian,0
57610,michigan strong future pac,0
123276,democratic state central committee,0
361422,committee to elect naomi ludman,0
121637,sarah anthony for state senate,0
1064503,libertarian party of genesee county,0
288232,michigan psychologist political acti,0
7219,dearborn federation of teachers poli,0
521884,michiganders for freedom,0
289883,friends of emily dievendorf,0
990231,sharifa kerene moore for court of ap,0
38953,judge kathleen feeney for court of a,0
1153536,citizens for a better west michigan,0
288419,liberty and justice for all coalitio,0
979789,susan b. anthony candidate fund,0
261552,take back michigan superpac,0
987777,grosse pointe education 1st (superpa,0
60980,clinton county democratic party,0
70262,chief james craig for governor,0
987768,laborers local 1191 construction wor,0
67007,mike mueller for state representativ,0
43279,operating engineers local 324 pac,0
291384,friends of david lagrand,0
995590,young for michigan pac,0
7224,plumbers & pipefitters local 190 pol,0
49984,friends of southwestern mi college,0
1030257,reggie miller for michigan,0
43278,dow inc pac (dowpac),0
66996,small business association of michig,0
294554,committee to elect aliyah sabree,0
1062115,the travelers companies inc. politic,0
57602,lagrandpac,0
54186,second congressional dist democratic,0
43273,tuscola county democratic party,0
233186,promote the vote 2022,0
1359469,committee to elect jim fouts,0
268183,committee to elect gregory c. pittma,0
1637877,democratic election fund,0
85805,julie brixie for state representativ,0
288235,prosperity michigan action fund (sup,0
1114230,joe aragona for majority,0
6507,friends of incompass michigan,0
1120313,committee to elect lisa trombley,0
1417060,committe to reelect james p lambros,0
1622060,carl meyers for university of michig,0
212519,convention of states political fund,0
990219,otsego county democratic party,0
1356119,maxim healthcare services inc michig,0
286844,cte gus tarraf,0
427991,integrity first macomb (superpac),0
70246,committee to elect joe boogren,0
1710717,committee to elect patrick sierawski,0
1564336,citizens for chip chipman,0
8764,michigan association of timberman ti,0
1239193,sustainable michigan leadership,0
95119,committee to elect david martin stat,0
78807,committee to elect sara cambensy for,0
427982,mission first people always pac,0
1559235,daniel mercier for judge,0
345432,emgage michigan pac (superpac),0
63569,cte rick outman for state senate,0
1566119,committee to elect janise oneil robi,0
55531,michigan strong (superpac),0
289841,tim kelly for state senate,0
417484,citizens for energy sovereignty,0
124493,friends to elect marshall bullock,0
49975,friends of saginaw valley state univ,0
43274,roscommon county republican party,0
1696946,committee to elect thomas stallworth,0
200216,comm pac,0
1661595,citizens against lawsuit abuse actio,0
1415195,environmental defense action fund pa,0
59221,pursuit of justice,0
68676,dayna polehanki for state senate,0
86718,friends of tom barrett,0
85801,friends of cara clemente,0
33113,realtors pac of mi,0
1281111,midwest independent retailers associ,0
66997,friends of jon bumstead,0
291339,angelique camfield for circuit court,0
424010,central michigan conservative leader,0
828920,hands off our kids,0
1551377,nicholas gumina for judge,0
1449814,alexandria taylor for michigan,0
1320206,tom mcmillin for state board of educ,0
201691,mi greenstone pac,0
102987,michigan 10th congressional district,0
254960,friends of mclaren political action,0
60992,sarah anthony for state representati,0
124491,santana for michigan,0
61009,mallory mcmorrow for michigan,0
1700086,committee to elect derek dalman,0
1503070,make liberty win (superpac),0
272987,friends of kim jorgensen gane,0
65204,brinks majority fund,0
381629,microsoft corporation stakeholders v,0
68674,itc holdings corp pac,0
291651,dennis denno for trustee,0
289910,friends of lisa werner,0
427984,citizens advancing student education,0
67000,ben pac,0
1707217,committee to elect mike tinney,0
272984,committee to elect christopher flemi,0
276236,government administrators associatio,0
270867,committee to elect brian warzocha,0
383461,macomb businesses united,0
291496,the team and toinu reeves,0
289746,committee to elect marvin cotton jr,0
1346705,friends to elect tracy ruell,0
293047,committee to elect robert borer,0
49989,michigan nurses association politica,0
289917,cte samraa luqman,0
979803,jordan acker for regent,0
293115,committee to elect anne marie mccart,0
433475,michigan peoples campaign independen,0
16458,gladwin county democratic party,0
10738,damoose leadership fund,0
132982,save america,0
1949228,committee to re-elect judge gregory,0
1924864,mental health pac,0
86721,elect ryan berman ag,0
78803,cng holdings inc pac,0
19736,farm pac (superpac),0
293017,committee to elect gregory stempfle,0
14858,wendzel will,0
1553506,friends of nancy jenkins-arno,0
66992,casey hoffman for state representati,0
61023,committee to elect kelly smith,0
289743,committee to elect betsy coffia,0
1953107,committee to elect charles longstree,0
1648324,keep livingston great,0
134898,gladwin county gop,0
514404,impact fund,0
1012340,always moving forward pac,0
1025444,go far pac,0
65197,jeff irwin for state senate,0
16468,michigan health choice alliance,0
57593,cte chad moore,0
67004,friends of housing pac,0
1346715,commitee to elect rich cutshaw,0
550911,newaygo county democratic comm,0
70232,mike macdonald for senate,0
1680023,friends of michael woodyard,0
6529,wmg pac,0
1696945,dr michael busuito for wayne state,0
835653,committee to elect cyndi s peltonen,0
381679,working america mi (superpac),0
123273,committee to elect anthony feig,0
325874,committee to elect rafael wolf,0
372431,committee to elect wendy webster jac,0
74272,one majority goal fund,0
43277,vertex pharmaceuticals inc pac,0
265426,joel sheltrown for senate,0
293160,cte adam sabree,0
1671764,committee to reelect judge debra nan,0
166902,michigan septic tank association pac,0
65180,curtis hertel jr for michigan,0
289859,committee to elect brandon davis,0
1677,cte jeff yaroch for state rep,0
995588,committee to elect adrienne g. scrug,0
49968,westland fire fighters separate segr,0
234374,committee to elect diana mohyi,0
293045,committee to elect regina triplett,0
19750,logan byrne for state representative,0
289899,jason hoskins for state representati,0
61010,calhoun county democratic party,0
289717,friends of mark ludwig,0
66989,friends of ranjeev puri,0
292992,committee to elect greg black,0
70230,rescare inc dba brightspring health,0
566512,committee for robert noble dist 8,0
289784,committee to elect jonathan scheel,0
263256,cte khalil othman,0
291616,committee to re-elect victoria i sha,0
291425,friends of glen miller,0
1613442,committee to elect bill sage for sta,0
221944,powering the economy (superpac),0
1562590,christopher crain for state represen,0
1086577,washtenaw citizens for accountabilit,0
1002303,committee to elect jared polonowski,0
292956,michigan families united (superpac),0
29737,uaw michigan voluntary political act,0
66995,cte kevin rathbun,0
1291884,black leadership action fund,0
8760,washtenaw county republican committe,0
59238,jason morgan for state representativ,0
1109567,stand tall pac,0
101065,matt hall for state representative,0
1315466,committee to elect marcia mansaray,0
1589017,julue maday for msu,0
49964,citizens for traditional values poli,0
1867449,restore michigans future,0
292953,jason woolford for state representat,0
139129,friends of corn pac,0
12735,mi assoc of community bankers of mic,0
4643,michigan propane pac,0
293015,families who care,0
49985,lapeer co dem party,0
428001,star pac,0
134908,steven gilbert for state representat,0
65189,michiganders for the commonwealth,0
293175,cte lisa dekryger,0
291335,perry johnson for governor,0
65185,mi coin machine op assn mcmoa ampac,0
288411,liberty freedom fund,0
132983,committee to elect angela rigas,0
57572,independence blue cross llc pac (spo,0
57609,michigan craft distillers associatio,0
1669,committee to elect gene haymaker,0
5187,michigan family medicine pac board (,0
1867447,joe barone for judge,0
510767,lgbtq victory fund federal pac,0
1846415,committee to elect todd e. briggs fo,0
294559,committee to elect veronica paiz,0
65190,embolden pac,0
1224061,basf corporation employees political,0
1326328,committee to elect charles john ante,0
123279,senate republican campaign committee,0
265431,cte mary berlingieri for state repre,0
1951640,citizens supporting tory rocca,0
363515,coalition opposing proposal 3,0
8745,committee to elect diana farrington,0
132985,calley majority fund,0
3414,eaton county democratic executive co,0
220779,surveyors pac mi society of professi,0
291614,keith jones for mi house,0
548988,committee to elect jessie scott wood,0
1577182,the committee to elect james l. gilb,0
1457212,committee to elect kerry tapper,0
1279552,snyder for michigan,0
132988,committee to elect latisha johnson,0
289857,committee to elect austin kreutz,0
38945,support fhps,0
1107977,andrew fink for michigan supreme cou,0
263262,james shepler for state representati,0
49982,midwest strategy group pac,0
6517,bay city educators pac,0
83887,committee to elect terry j sabo,0
3417,centene corporation political action,0
364742,michigan sierra club independent act,0
1618819,sami makhoul for wayne state univers,0
286836,committee to elect rachel vinales fo,0
289768,jason rhines for senate,0
275170,committee to elect debra s. kauten s,0
1107979,committee to elect steve frisbie for,0
1234880,mi corn growers assocation pac,0
1781226,cte steven a heisler,0
1802989,friends of jeremy bowie,0
77554,friends of dana nessel,0
294521,somos pac - mi (super pac),0
223489,michigan home health association pac,0
65195,sabo for michigan,0
25904,michigan farm bureau political actio,0
63565,kristina karamo for sos,0
63562,ellison for michigan,0
54185,henry ford health system government,0
6511,beeler majority fund pac,0
57613,friends of daylen howard,0
288221,committee to elect mary hood circuit,0
51628,manley justice fund (superpac),0
1005895,friends of layla taha,0
1117368,committee to elect adam abusalah,0
835645,residents for a better wayne county,0
77548,unlock michigan,0
1248420,mcbroom for michigan,0
19753,michigan manufactured housing rv and,0
4644,moes pac,0
61004,committee to elect scott vansingel,0
1553490,committee to elect julia kelly for j,0
41776,teamsters 406 political action commi,0
289929,friends of joe bellino,0
265429,committee to elect rebecca jurva-bri,0
6520,midland county democratic party,0
257163,brighter michigan pac (superpac),0
1130073,red pilled,0
1409133,jane fonda climate pac michigan,0
263246,friends of george ranville,0
187606,detroit caucus pac,0
281994,right to life of michigan victory fu,0
1099727,committee to elect angela cole proba,0
85810,committee to elect regina weiss,0
1135933,macomb community college faculty org,0
59244,maddock leadership fund,0
65186,plumbers and steamfitters 85 pac,0
1004002,flagstar bank federal pac,0
33104,teamsters 214 political action commi,0
67009,broadband association of michigan pa,0
456515,blackpac michigan (superpac),0
552851,isabella county democratic party,0
102980,friends of bryan posthumus,0
65196,brinks victory fund,0
1093243,bouchard victory fund,0
136885,friends of conservative values,0
132998,taylor fed of teachers pac tft pac,0
65188,cynthia a johnson stands up detroit,0
291391,keep kyra harris bolden for justice,0
1306995,committee to elect tim meyer,0
1863941,committee to elect andrea bradley-ba,0
1088416,america first hillsdale republicans,0
25902,michigan fire chiefs pac,0
55532,democratic association of secretarie,0
1682,bill sowerby for state rep,0
66993,delta county republican party,0
956016,rob gjonaj donovic for rep,0
288390,bristol myers squibb company politic,0
99905,the julie brixie blue wave fund,0
61005,sam singh for state senate,0
289876,torchio feaster for judge,0
1685,friends of marie fielder,0
123270,house republican campaign committee,0
1551376,committee to elect kelly ward for pr,0
70249,progress michigan political action f,0
288421,stan grot for michigan republicans,0
38955,teamsters 337 political action commi,0
266569,friends of randy bishop,0
1551369,committee to elect andy wood,0
74275,seiu michigan,0
102989,advocates of change for tomorrow pol,0
55520,schostak family pac,0
289726,committee to elect tamara mitchell f,0
86717,sylvia santana for senate,0
234371,michelle frederick for state board o,0
1306985,john larkin for 3rd circuit judge,0
1949236,21st century club,0
294560,committee to elect chastity youngblo,0
289854,committee to elect dawn weier circui,0
291463,committee to elect ricardo white,0
331016,policy over party (superpac),0
289813,john damoose for state senate,0
293091,committee to retain judge teri lynn,0
289814,committee to elect michael frazier,0
132976,michigan motorcycle riders pac,0
1696934,boss up pac,0
288150,official 9th dist democratic party,0
63567,wayne county republican committee,0
1117359,dayna for michigan,0
49970,merck and co inc employees pac,0
331032,michigan society of hematology and o,0
85813,cte gregory j. markkanen,0
289812,bill g schuette for state representa,0
65209,the committee to elect lana theis,0
1579029,friends of chris gilmer-hill,0
291488,friends of michelle friedman appel,0
417478,will snyder majority fund,0
14860,michigan corrections organization po,0
1007736,ogemaw county republican committee,0
293183,friends of donni steele,0
1952979,harvest the sun,0
1679,committee to elect sue allor,0
8756,bricklayers and allied craftworkers,0
74267,citizens to elect helena scott,0
22909,detroit regional chamber political a,0
1630834,glaxosmithkline llc pac (gsk pac),0
99900,west michigan progress pac,0
54182,grand traverse county republican par,0
70237,kevin daley for state senate,0
67005,michigan aggregates association,0
51616,mi restaurant  and lodging assoc pac,0
16473,hauck majority fund,0
60977,growing michigan,0
289775,friends of matt nilson,0
60998,jmr all star pac,0
57573,engineering michigans future,0
57568,mi academy of physician assistants,0
294482,friends of brian jackson,0
1707211,pushing forward fund,0
442484,save michigan pac (superpac),0
139124,ready to equip industrious leaders,0
288244,committee to elect jim martin,0
57615,dale zorn for senate,0
1346714,shelly fraley for mi60,0
294354,elect toni mua,0
266561,karl barr for judge,0
3421,simon group holdings pac,0
78812,mi blue cross blue shield bcbsm pac,0
289777,terry j. sabo for state senate,0
3411,mi chiropractic society pac,0
291337,turn around wayne county (superpac),0
59240,michigan in home care pac,0
99899,public health over politicians,0
43272,mi boilermakers state and local pac,0
11564,oceana county republican committee,0
55527,houghton county democratic committee,0
24745,m-acre pac,0
3413,calhoun county republican committee,0
156682,education gets results,0
168245,zeneca inc. political action committ,0
288296,michigan planned parenthood votes su,0
278146,committee to elect bert van dyke,0
60989,justice for michigan,0
331957,birmingham-bloomfield area democrati,0
1063100,barry county democratic committee,0
289788,committee to elect joseph hohler iii,0
1088408,second district republican committee,0
291656,penelope tsernoglou leadership fund,0
1712278,robin persiconi for judge,0
1201155,northern michigan leadership pac,0
1553492,committee to elect jennifer johnsen,0
59225,committee to elect sarah lightner,0
265421,committee to elect kayle keith hinkl,0
1107968,friske leadership fund,0
4647,garza working for michigan fund,0
403200,pac 9 gop,0
387847,national association of chain drug s,0
85802,michigan sugar company growers polit,0
289757,committee to elect madhu anderson,0
51619,friends to elect michele hoitenga,0
521885,american principles project pac (sup,0
1495182,climate cabinet pac - michigan,0
1354352,committee to elect lois maassen,0
33112,michigan action state superpac,0
289671,brian williams for state senate,0
1321292,rslc pac (superpac),0
1794720,committee to elect denis mccarthy,0
1559237,cody dill for state representative,0
1140383,we the people power pac,0
60979,health alliance plan pac,0
977393,commitee to elect jacob skarbek for,0
293180,committee to elect robert d crosby j,0
1681245,community solar action fund (fed pac,0
994585,antrim county republican party,0
289828,citizens to elect kenyetta dotson fo,0
61003,stephanie a young for state represen,0
381630,motorola solutions inc political act,0
1661585,partnership for responsible governme,0
246334,united food and commercial workers a,0
123277,matt hall majority fund,0
289773,friends of hilary dubay,0
205316,csx corporation good govt fund,0
5190,michigan association of insurance ag,0
132977,branch county republican party,0
1348462,amante for michigan,0
289933,committee to elect brittany dicken f,0
16477,emmet county republican committee,0
123275,wentworth majority fund pac,0
68688,building accountability behind exper,0
289840,friends of joey andrews iv,0
19756,isabella county republican committee,0
289861,committee to elect gary gerson,0
291592,michigan mises pac,0
134916,graham diedrich for state representa,0
49977,committee to elect steve carra,0
38956,teamsters 614 political action commi,0
1412574,donald t eason for state rep,0
294338,committee to elect steven r fox jud,0
68679,graham filler for state representati,0
66988,committee to elect thomas a albert,0
16465,committee to elect michael webber,0
1059441,greene majority motivated fund,0
268179,committee to elect nancy deboer,0
19741,liberty and justice for all,0
1088402,axmitax,0
63568,stephanie chang for senate,0
983990,committee to elect charles shelton,0
289718,committee to elect larry hull,0
265417,committee to elect matthew sabaugh f,0
55516,southwest michigan first pac,0
1090610,todd smalenberg for state rep,0
6530,friends of mta,0
85804,michael detmer for state senate,0
992074,cascade leadership fund,0
289729,committee to elect mark zacharda,0
426061,the lincoln project (super pac),0
123278,adam j hollier committee,0
294385,we the parents,0
44491,young democrats of michigan,0
303970,stuart collis for judge,0
1088401,nationwide mutual insurance company,0
67011,jocelyn benson for secretary of stat,0
57596,friends of michigans community healt,0
218744,michigan education partners politica,0
31022,friends of wayne state pac,0
40634,livonia republican club,0
1300380,committee to elect ryan maxon,0
289945,friends of nicole breadon,0
78800,11th congressional dist rep comm,0
70238,mi assoc of cmh board macmhb,0
270878,friends for mark bignell,0
218761,camilleri for michigan,0
1025443,farhat for michigan pac,0
12742,committee to elect roslyn ogburn for,0
70241,committee to elect mark huizenga,0
68680,cindy berry for secretary of state,0
416371,templar baker group pac,0
205311,glm political action committee,0
1615468,mark gaffney for wayne state univers,0
1062121,doug corwin jr. for probate judge,0
6524,mason county republican committee,0
37130,manistee county republican committee,0
291382,committee to elect jamie murray,0
1551385,committee to elect griffin wojtowicz,0
1343832,committee to elect john grossenbache,0
11565,berrien county democratic party,0
10736,united wholesale mortgage pac,0
1099728,trevis harrold for michigan,0
294428,committee to elect nicholas christen,0
57585,lake county democratic party,0
62148,macomb county republican assembly (s,0
289792,christine e. barnes for state rep co,0
289850,friends of penelope tsernoglou,0
1354337,cte tawn beliger,0
49969,mi pipe trades assoc independent exp,0
12729,cte rachelle smit for state represen,0
1564329,friends of hermon barbe for michigan,0
294550,committee to elect myles w miller fo,0
1359455,better michigan superpac,0
289731,our water our democracy,0
99901,the home depot inc political action,0
55534,northville democratic club pac,0
16448,michigan legislative consultants pac,0
383489,fund for michigans future,0
59234,cte jaime greene,0
63560,michigan democratic party youth cauc,0
286856,thomas j. allen cte thomas allen,0
293021,the committee to elect lakena crespo,0
1359467,committee to elect julie derose,0
323864,rick wendorf will win msu in 22,0
291376,william hindle for senate,0
1268178,michael baker international holdco c,0
95121,building bridges pac,0
1196068,carrie rheingans cares about michiga,0
956004,democratic messaging project,0
1331415,cte richard m. steenland,0
57577,fred green political action committe,0
124496,cleveland cliffs inc pac,0
57574,committee to elect ryan roberts,0
85808,alabas a farhat,0
1321301,committee to elect ken heuvelman,0
289948,committee to elect cynthia muszynski,0
294555,committee to elect kelly l. noland 2,0
132990,newaygo county republican committee,0
203791,growing michigan majority fund,0
1411005,greater michigan pac,0
1015996,6th congressional district democrats,0
3416,michigan democratic party rural cauc,0
1321296,friends of danene shumaker,0
47681,hamtramck federation of teachers pac,0
59239,north macomb pac,0
359077,the six pac,0
364747,honigman pac,0
289800,thomas albert for state senate,0
289824,gabriel rees for state representativ,0
293145,paul kraus for circuit court judge,0
275177,wsp usa pac,0
60987,cte dan lauwers for senate,0
1348455,restore michigan,0
33105,mi academy pac,0
552852,josh hilgart for judge,0
16461,leadership for democracy fund,0
552875,committee to elect kiefer joseph cox,0
59235,safe lending michigan,0
289905,committee to elect jack richert,0
83888,democratic legislative campaign comm,0
16460,green and white pac,0
293029,committee to elect mark t foster,0
288168,joe hune for state senate,0
57612,cte karen whitsett for state rep,0
40635,berrien county republican committee,0
1681251,michigan orthotics and prosthetics a,0
1583165,committee to elect dan kelly,0
99903,fannie lou hamer political action co,0
261563,michigan organization on adolescent,0
331961,farbman group pac,0
137566,cte tenisha yancey for state rep,0
61007,jeremy moss for state senate,0
85817,friends of jaime churches,0
10740,detroit fire fighters association po,0
289806,friends of john fitzgerald,0
1577177,friends of kristina lyke,0
261565,us taxpayers party of michigan state,0
1348468,committee to elect charissa huang fo,0
291521,friends of bob howey,0
61021,michigan reynolds american inc. poli,0
292987,michigan majority,0
1667296,the committee to elect david c. egel,0
6506,marquette county democratic party,0
200226,northwest wayne county state local p,0
40636,molina healthcare inc michigan polit,0
1062140,jean zott for michigan,0
68686,committee to elect rachel hood,0
65181,steve johnson for state rep,0
289885,cte brenda richard district court,0
132995,carol glanville for state representa,0
1577175,committee to elect michael malmborg,0
123284,beau lafave sos,0
294557,mellissa carone for state senate,0
77547,michiganders for fair lending,0
291475,committee to elect curt vanderwall,0
57584,otsego county republican committee,0
24746,priority health political action com,0
70254,matt for michigan pac,0
33107,teamsters 283 political action commi,0
200203,bumstead leadership fund,0
294395,the people action fund mi,0
1276064,red white and blue pac,0
21573,detroit police officers association,0
139125,huron valley democratic club pac,0
1156489,friends for democracy,0
1553510,friends of kyle wright,0
134917,jeffrey d pepper,0
57583,mi assoc of health plans (superpac),0
47682,fighting for michigan fund,0
1853349,astellas us llc pac,0
289825,committee to elect regina williams,0
1355055,conservative voices,0
1581394,progressive caucus of mid michigan,0
1234868,every job is essential pac (superpac,0
272989,julie moore for state representative,0
158138,true michigan pac  superpac,0
289860,committee to elect  dale biniecki,0
1567484,i like clean water,0
261549,advance michigan (superpac),0
405232,traverseconnect pac,0
219877,a better michigan,0
1573090,committee to elect chaz fowler,0
1601136,friends of matt schlinker,0
77553,mecosta county democratic party,0
291581,kelly ann ramsey for judge 2022,0
62153,friends for cathryn neracher,0
294547,committee to elect velma jean overma,0
371420,the presidential coalition - michiga,0
424012,clean wave (superpac),0
301958,committee to elect virgie ammerman,0
291530,richard lopez for hd108,0
12739,michigan infrastructure and transpor,0
1575220,friends of rylee linting,0
10741,friends of occupational therapy in m,0
70245,committee to elect jacky eubanks,0
1020758,dana nessel leadership fund,0
289771,committee to elect gary mitchell,0
387853,gina majority fund,0
272978,elect tonya goetz for judge,0
65201,compete michigan pac 3,0
1130069,friends of shannon rochon,0
1557312,committee to elect aaron j. hall,0
1452317,friends of sabrina lopez,0
265434,committee to elect aaron delikta,0
1346702,committee to retain judge catherine,0
233179,cambensy for michigan leadership fun,0
70243,southwestern wayne democratic club,0
67010,acec michigan consulting engineers c,0
10744,michigan boating industries associat,0
1359454,west michigan strong superpac,0
1315474,committee to elect jeb allen for cir,0
65192,up united,0
74270,friends of john cherry,0
132984,committee to elect julie calley,0
65187,tgif victory fund,0
12730,sheet metal workers local 80 pac,0
1808728,conservative battleground fund,0
294503,carrie a rheingans for state represe,0
289862,committe to elect diane schindlbeck,0
60990,hornberger majority fund pac,0
16475,annette glenn for state senate,0
562783,jackson county democratic executive,0
1417055,michigan association of collection a,0
270876,emily busch for state representative,0
134903,take michigan back (superpac),0
59237,friends of west michigan schools,0
158129,foster pac,0
16476,alexander majority fund pac,0
386386,harris leadership fund,0
383467,koch inc political action committee,0
139137,grand rapids chamber comeback pac,0
276230,ashley hanson grimes for judge,0
43270,committee to elect pauline wendzel,0
151167,howell for michigan fund,0
139107,mi assoc county drain commissioners,0
360164,walled lake citizens for parental ri,0
1088419,michigan conservative,0
49983,michigan licensed beverage assoc pac,0
6523,ralph rebandt for governor,0
6519,muchmore harrington smalley associat,0
8743,friends of tom kuhn,0
1952989,nrg energy inc political action comm,0
1088375,newaygo county grassroots pac,0
291659,amanda j shelton for oakland county,0
289931,committee to elect will bruck,0
8770,friends of grand valley,0
61020,friends of gabriel lossing,0
841741,christa murphy for wsu,0
1495172,committee to elect kimberly gildner,0
288343,brian calley for governor,0
348247,michigan oil and gas association pac,0
1062105,michigan common sense party,0
8746,farrington leadership fund,0
291315,masa pac,0
1736356,the presidential coalition - mi,0
1497053,committee to elect mariko willis,0
7223,eli lilly and company pac,0
1802991,abolish the electoral college,0
57614,pat outman for state representative,0
1313745,jinan hamood for judge,0
12732,alpena county democratic party,0
6514,the party politic,0
1131500,land of opportunity pac,0
260344,michigan impact,0
278161,morse force leadership fund,0
1634203,tuebor pac,0
1354359,rslc - great lakes pac,0
381646,fund for democratic women,0
289769,committee to elect neil friske,0
220774,wozpac,0
16470,julie alexander for state rep,0
1553497,ryan leo good,0
19748,sean mccann for state senate,0
293147,cte julie oneill for judge,0
1626070,committee to elect eric shepherd jud,0
1617425,adam f zemke for michigan,0
1583170,rebecca bahar-cook for msu trustee,0
134893,jerry solis for state representative,0
286854,the committee to elect troy b daniel,0
293089,committee to elect tenisha renee yan,0
1239199,michigan majority leadership fund pa,0
289868,tricia dare for oakland county circu,0
55528,allstate insurance company pac,0
61006,committee to elect betty alexander,0
47678,chaldean chamber political action co,0
263267,friends of holli vallade,0
1555402,david m. delaney,0
289809,friends of doug wozniak,0
212521,leadership for educational equity -,0
835649,committee to retain alan curtis as p,0
47683,friends of west michigan business gr,0
62150,bollin for michigan,0
560794,friends of lisa babcock,0
16457,teamsters 332 political action commi,0
977380,beau lafave for state representative,0
1953044,jonathan blair for circuit court jud,0
218759,associated general contractors polit,0
1114220,friends of sunny reddy,0
1714823,the next 50 pac - michigan,0
1357490,friends of the west michigan gop pac,0
1684,mi rural pac,0
14857,cte wendy mazer,0
77551,cte lindsay kronemeyer,0
60981,green thumb leadership,0
294350,supportersformoniqueowensforsenate,0
6535,gratiot county republican party,0
12738,mi business aviation assn mbaa pac,0
1745573,albert mais for 5th district court j,0
60983,advancing michigan,0
8751,allegan county democratic party,0
200223,future northern michigan,0
1010895,michigan 9th congressional district,0
275175,charles ritchard for state senate,0
54187,monroe county democratic executive p,0
1567481,committee to elect teresa patton,0
1088380,mi forward fund,0
181904,michigan distributors and vendors as,0
359075,rebekah warren envision michigan pac,0
293035,committee to reelect suzanne faunce,0
74271,friends of meghan reckling,0
134890,committee to elect ginger l shearer,0
266562,joseph fox for state representative,0
139108,michigan land title association poli,0
348250,genesee future fund,0
186351,michigan patriots pac (superpac),0
1689,local union no 58 international brot,0
8750,west michigan plumbers fitters and s,0
381672,public wise pac,0
265412,committee to elect marshall averill,0
294512,guard our children (superpac),0
381637,michigan auto law auto accident at,0
1452313,commitee to elect todd l. barron,0
288392,howrylak victory fund,0
200221,comm workers of america mi cwa-mac,0
144556,health political action committee mi,0
70236,committee to elect jim haadsma,0
516385,michael lynn haueisen,0
294556,friends of annie brown,0
418510,movement voter pac mi,0
1559240,elizabeth peterson for circuit court,0
426060,jane fonda climate pac,0
416377,protect the people pac (superpac),0
293146,no more time for career politicians,0
49991,progress plymouth pac,0
1566113,committee to elect joe pavlov,0
1321302,vote crystal bailey,0
288426,committee to elect john michael malo,0
288137,mi association of theatre owners pol,0
11566,sanilac county republican committee,0
85811,bizon majority fund,0
18185,mi assn cert pub accntns macpa pac,0
1954544,committee to elect jeremiah buffalo,0
292957,take back the michigan senate fund,0
289843,friends of jon horford,0
1569279,jennifer wortz committee to elect fo,0
233182,run michigan right fund,0
1581403,youngquist for michigan,0
562788,defend your vote,0
1569272,committee to elect alexander w. harr,0
8752,mi elmntry and mdle schl assc memspa,0
218736,grosse ile taxpayers association (su,0
65199,michigan for ryan d kelley,0
1107963,michigan legacy pac,0
14853,greimel for michigan,0
1020746,freedom to learn pac,0
1296921,white lake area futures,0
1661587,sunrise alliance for equity,0
1676,michigan list,0
6526,13th cdrc,0
1575223,nicole s. huddleston for oakland cou,0
1298235,chris jackson for michigan,0
70242,cte marcus a cummings,0
132978,northwest michigan united for racial,0
1069330,10th congressional district of the m,0
272977,people for dylan wegela,0
1089396,adam stockford for michigan,0
49976,beth griffin for state rep,0
19733,pfizer michigan pac,0
1268174,the first ask,0
1093238,grant leadership fund,0
70239,berman leadership fund,0
1665512,committee to re-elect probate judge,0
289912,aaron r gardner for state senate,0
16453,mi state afl cio cope contributions,0
55521,tri city leadership pac,0
403201,dga victory fund,0
134900,sylvia grot for state representative,0
1498885,marcus t. chmiel for 63rd district c,0
289755,darrin camilleri for state senate,0
1404251,erin schultes for state rep,0
233177,brabec equity fund,0
1356114,prestin majority fund,0
55529,nextera energy inc political action,0
636999,committee to elect judge kristen sim,0
47680,marquette county republican party,0
134902,cte jim diez,0
24748,pipefitters local 636 pac,0
426058,12th congressional district democrat,0
1692903,one michigan alliance fund,0
1062117,michigans electric cooperatives pac,0
1955959,miller for michigan,0
1404249,michigan college democrats pac,0
59242,friends of hope network,0
1298229,cowley for michigan,0
366543,school administrators political acti,0
49967,committee to elect christine morse f,0
1346708,creek pac,0
158134,end citizens united non-federal mi,0
40632,teamsters 299 political action commi,0
272996,committee to retain judge miriam a.,0
291546,paul hudson for justice,0
1165874,republic svcs inc employees for bett,0
1670,jack coleman for state representativ,0
1062119,tom matthew for state rep,0
1573089,committee to elect jevona fudge,0
187602,auto dealers of michigan political a,0
6505,6th district republican committee,0
139133,rental property owners assoc of kent,0
124489,second district cong committee of mi,0
1577165,committee to elect nicole castka,0
14852,michigan optometric association pac,0
1953055,frank lambert committee,0
1678,allor majority fund,0
59236,oakland county republican party,0
51629,plumbers and pipefitters local 333 p,0
1404252,alice bernal for circuit court judge,0
16466,kheder davis associates pac,0
293042,republican party of macomb county,0
55524,west oakland republican committee pa,0
509265,run for something michigan,0
43280,corteva inc employees pac corteva ag,0
1674245,michigan democratic party black cauc,0
1359475,matthew mckone for district judge,0
360159,wfp national pac non contribution ac,0
65183,enterprise holdings inc enterprise m,0
62151,posthumus majority fund,0
289886,citizens for joe marino,0
257165,huck pac inc,0
4653,barnett leadership fund,0
99895,kevin green for senate,0
1304723,committee to elect randy girard,0
99894,friends of nate shannon,0
219868,justice for all (superpac),0
289923,friends of eddie jenkins,0
293072,committee to elect craig pappin,0
68683,bay county republican party committe,0
6513,local 1602 pac,0
38944,st clair county republican committee,0
219863,rank mi vote ballot question committ,0
1674255,committee to elect amy grace gierhar,0
133001,michigan democratic jewish caucus,0
65202,friends of jim ananich senate,0
83886,geiss leadership fund,0
78810,friends of justin faber,0
139117,mike mueller leadership fund,0
268195,committee to elect melody wagner,0
289740,committee to elect ryan rank,0
68691,jim stamas for state senate,0
59232,josh schriver for state representati,0
289810,committee to elect dr patricia berna,0
61024,linda lee tarver for better educatio,0
132974,friends of linda ybarra-bozzone,0
1577169,michelle woodman,0
51627,karoub associates political action c,0
158143,hope rising action fund,0
326906,friends of todd avery,0
4657,leelanau county democratic committee,0
102983,michigan iniative for community heal,0
123269,wentworth majority fund 2,0
57588,fink majority fund,0
294317,tim golding for state senate,0
1091746,securing michigans future,0
281993,committee to elect steele p hughes,0
294548,cte lana maria escamilla,0
433473,state democracy defenders pac,0
1065805,mi creditors bar association pac,0
342560,michigan for freedom (superpac),0
291590,western wayne business owners pac,0
326903,committee to elect kurt damrow,0
38951,michigan league of conservation vote,0
4655,dickinson county democratic executiv,0
54183,mda dental pac,0
1665510,zurich holding company of america in,0
294499,matthew dawson for michigan,0
63564,the committee to elect gary r eisen,0
470830,nextgen climate action committee (su,0
123281,committee to elect joe bellino,0
521896,michigan agri business association,0
66998,committee to elect ken borton,0
1648327,quest diagnostics incorporated pac o,0
59241,delta county democratic party,0
263248,committee to elect michael brooks,0
1059443,dillon leadership fund,0
294516,michigan democratic party senior cau,0
102988,tom leonard for michigan,0
1062143,migop 3rd congressional district,0
10747,charlevoix county democratic party,0
1354333,committee to elect anna r. rapa,0
134911,saginaw county democratic executive,0
16450,friends of cmu,0
1956999,douglas  waggener campaign committee,0
1348460,klinefelt for michigan,0
11562,kevin coleman for michigan,0
550893,committee to elect craig wilsher for,0
8744,eaton county republican committee,0
323873,lena epstein for michigan regent,0
244301,democratic club of taylor womens aux,0
19744,michigan association of school socia,0
833901,ivote ie mi pac (super pac),0
143112,mi building and construction trades,0
270883,committee to elect justin mendoza,0
99902,moss pac,0
1004003,friends of andrea rutkowski,0
263263,ryan gallogly for michigan,0
381676,jason morgan majority fund,0
8759,committee to elect tullio liberati,0
59227,mi assn nurse anesthetists mana pac,0
1559241,families for jason rubin,0
289724,friends of ken ferguson,0
19740,committee to elect yousef rabhi,0
132980,jim ellison for state rep,0
293124,friends to elect steven m. hyder fir,0
294436,michael j mcclory for probate judge,0
1090606,bay area majority fund,0
57571,voters not politicians,0
288324,comm to ban fracking in michigan,0
289832,ken barnard for judge,0
979812,crh americas inc pac,0
1002304,jolene clearwater for allegan county,0
1062126,begole leadership fund,0
1005920,the peoples pac,0
1234871,central michigan community fund,0
6536,fifth third bancorp political action,0
360170,planned parenthood action fund inc p,0
5192,emmet county democratic committee,0
19739,msuwc pac,0
19746,mortgage bankers association of mich,0
102981,construction workers local 1076 ed c,0
68692,committee to elect tc clements,0
1924862,cte traci richards for judge,0
291646,committee to elect ken crider,0
59233,witwer for michigan,0
402536,daga michigan people's lawyer projec,0
1899522,rslc victory fund,0
1924859,the juno fund,0
60997,friends of tim sneller,0
68684,friends of darrin camilleri,0
62155,gov consultant svcs inc 21st century,0
405231,mcdonald hopkins llc pac,0
1551374,committee to elect tyler fox,0
1577164,andy shaver for michigan,0
165930,occidental petroleum corporation pol,0
70231,committee to elect geyer balog,0
19757,comerica inc political action commi,0
381680,3rd congressional democratic comm,0
1944022,stop maga pac,0
5185,committee to elect john c gillis,0
293181,committee to retain judge robert gae,0
1005897,alpena county republican party,0
288175,registers for good government,0
1088389,keep judge matt antkoviak circuit ju,0
8762,equity pac,0
16471,kahle majority fund,0
66986,cass county republican committee,0
291342,committee to elect maura battersby m,0
268172,rodney wakeman for state senator,0
1507554,abbvie political action committee,0
278159,michigan cable telecommunications as,0
835631,lapeer proposals,0
14861,troopers pac,0
995583,roger victory for state house,0
1668,retired detroit police/fire assn pac,0
49980,deloitte political action committee,0
16447,upper peninsula plumbers and pipefit,0
59231,committee to elect david lagrand,0
956021,republican accountability pac (super,0
8763,clinton township democratic club sta,0
289804,committee to elect dave prestin,0
268184,committee to elect kathy clark,0
266563,david soltis for state house,0
1329305,alex hawkins for michigan,0
124492,clinton county republican committee,0
291637,committee to protect voters rights,0
1089392,alexander for majority,0
296778,friends of heather cerone,0
997556,take it back superpac,0
1354342,friends of stephanie chang,0
289915,norm shinkle for state representativ,0
46834,ottawa county democratic party,0
200202,t cole leadership fund,0
5191,mi podiatric medical association,0
1591138,grand new party pac,0
38957,teamsters democratic republican inde,0
261544,friends of dayne hoffman,0
60978,friends of phil green,0
263265,the committee to elect robin mcgrego,0
57605,travis menge for msu trustee,0
1069326,lansing future pac (superpac),0
979782,friends of salim al shatel,0
289761,alswanson for judge,0
323861,michael balow for msu trustee,0
291395,brian zahra for justice,0
6510,national association of insurance an,0
55523,oakland leadership fund,0
219871,puri pac,0
1954494,committee to elect craig r. cooper p,0
8766,michigan sierra pac,0
578315,friends to elect danielle atkinson,0
6527,mi osteopathic pac mopac,0
1573087,friends of randy levasseur,0
383453,mi education defense,0
8758,pharmacy pac,0
16455,teamsters 247 political action commi,0
286843,committee to elect frank j lafata,0
289900,vote sue shink,0
260348,voters for transparency and term lim,0
60991,sarah anthony leadership fund pac,0
1329308,committee to elect austin breuer,0
1003998,6th congressional district republica,0
77550,red and blue pac,0
16446,michigan society of eye physicians a,0
55518,committee to elect erin zimmer,0
1687922,southwest michigan education advocat,0
70257,bronna kahle for state senate,0
1146653,concerned citizens 24,0
1005896,peter herzberg for state rep,0
31019,sheet metal workers local 7 pac,0
406821,sap america inc pac,0
291550,committee to elect charise anderson,0
293083,committee to retain judge sima patel,0
383487,hntb holdings ltd political action c,0
550917,committee to elect nate bailey,0
68685,international union of painters and,0
288181,martin blank for state senate,0
1665509,committee to elect michael j. zitta,0
1673,the martin l cousineau committee,0
57592,friends of ruth johnson,0
4652,cheboygan county republican committe,0
830655,unborn equity and voting integrity,0
123267,michigan retailers association polit,0
74269,kelly tebay for msu,0
1117367,committee to elect kimberly edwards,0
278158,rebecca dangelo judge for kalamazoo,0
261559,committee to elect george d. lyons,0
11563,st clair county democratic committee,0
1329296,committee to elect kevin hammer,0
288247,committee to elect john bizon for st,0
49972,national federation of ind business,0
331017,senior living advisory group,0
288191,michigan realtors (superpac),0
132987,open democracy pac,0
1675,iosco co rep comm,0
234379,associated food and petroleum dealer,0
51625,ivote mi pac,0
1404261,mary for michigan,0
1575219,saima rehman khalil for judge,0
168254,michigan radiology political action,0
270872,cass county democratic party,0
291387,friends of cheri hardmon,0
57597,314 action victory fund,0
102982,bob scott for michigan governor camp,0
387851,small business for a better michigan,0
60986,friends of erika geiss,0
263245,muskegon county republican executive,0
6534,fems for dems pac,0
1555398,christine morse for 9th circuit cour,0
1002307,karl bohnak 4 state rep,0
1009443,apartment association of michigan po,0
61016,hertel for michigan,0
1316859,committee to elect dianne marie long,0
8761,mi community college assn mcca pac,0
3419,presque isle county republican commi,0
25903,nabipmi pac,0
187600,michigan pest management association,0
1573084,matthew delange for judge,0
6509,wisconsin electric michigan politica,0
268193,family business owners of michigan p,0
61022,livingston county dem exec comm,0
3420,friends of farmers insurance pac,0
1155064,mi soy pac,0
41773,associated builders and contractors,0
1293567,common power,0
1133053,citizens for local choice,0
286853,dickinson wright pllc political acti,0
348263,michigan chamber pac iii (superpac),0
57606,lauren hantz for michigan,0
1672,menominee county democratic party,0
85807,michigan liberation action fund (sup,0
203785,nesbitt majority fund 2,0
6518,cte mike harris,0
201690,michigan opportunity,0
74273,higher ground pac,0
416372,hate wont win pac,0
325878,committee to elect mary buzuma,0
77545,committee  for the advancement of mi,0
11567,waste management employees better go,0
4658,detroit police lieutenants and serge,0
1140392,michigan action political fund,0
217478,citizens to support mi women and chi,0
65212,committee to elect joseph tate,0
1745555,neyer leadership fund,0
288136,michigan used beverage container pol,0
201689,the sinas dramis law firm pac,0
216540,american property casualty insurance,0
1734667,shes the future,0
77546,abraham aiyash for michigan,0
1551375,committee to elect elias j fanous,0
8765,phillip joseph for state representat,0
134912,ottawa integrity pac,0
57575,muskegon county conservative womens,0
291604,constellation energy corporation emp,0
270882,friends of theresa fougnie,0
67002,filler majority pac,0
550909,erin byrnes for state representative,0
1299422,lipson neilson pac,0
1951606,cavanagh leadership fund,0
1671767,jpmorgan chase & co. pac,0
86715,paquette leadership fund,0
1300375,committee to elect kevin m kane for,0
987767,westland police lts and sgts associa,0
275166,western washtenaw democrats comm,0
951634,cozen oconnor pac,0
62159,committee to elect sharifa kerene mo,0
10737,missaukee county republican committe,0
63561,delta political action committee,0
19747,bradley slagh for michigan,0
66987,14th district republican committee,0
1952894,fund for a republican majority,0
289763,committee to elect alex manwell,0
289897,committee to elect janey lamar for c,0
124488,advancing for detroit and mi pac,0
1583169,matthew deperno for judge,0
426063,moveon.org political action,0
289941,friends of jenifer almassy,0
288381,singh for michigan,0
1627555,dearborn police officers political a,0
289823,kevin s whiteford,0
1922957,a pleasant peninsula pac,0
1802988,vote for equality (superpac),0
136062,concerned citizen,0
1059454,ivan diaz for michigan,0
223490,committee to revive michigan electio,0
265413,committee to elect athena lynn thorn,0
1025441,david e rutledge election committee,0
57603,samuel bagenstos for justice,0
74268,committee to elect andrew sebolt for,0
62157,spartannash company state political,0
67003,friends of henry ford college pac,0
203783,defending michigan values,0
244292,humane world action fund of michigan,0
289766,elect sharon macdonell,0
16464,waterford democratic club,0
200209,vansingel majority fund,0
77552,farmington farmington hills democrat,0
263252,committee to elect kenneth kish,0
1065812,citizens for michigan,0
1025446,kunse majority fund,0
29736,entergy corporation pac,0
22911,j b moss voice of the electorate,0
1579025,cte dom restuccia,0
637000,somos votantes - michigan,0
427998,deldin law pac,0
57594,citizens to elect luke meerman for s,0
70234,friends of dan oneil,0
99897,andrew fink for state representative,0
288320,for our future michigan (superpac),0
1573103,committee to elect daniel mahoney,0
291634,committee to elect andy griffin,0
291381,michael warren for justice,0
568586,friends of christine gerace,0
987779,conlin for michigan,0
1088421,friends of jamie callahan,0
43276,north oakland democratic club victor,0
123271,mi values leadership fund ii,0
385210,asphalt pavement association of mi p,0
78802,cte kim morley,0
57611,compete michigan political action co,0
132997,eleventh congressional district of m,0
24747,fair and equal michigan,0
158127,school psychologists for kids michig,0
19737,michigan chamber political action co,0
65182,cte pamela hornberger,0
49978,progressive womens alliance of west,0
51624,victory values fund,0
187603,cornerstone pac,0
10739,genesee democratic party state accou,0
201684,pohutsky for michigan fund,0
293019,committee to retain judge namita sha,0
1493573,duggan leadership fund,0
216541,for mi kids for our schools,0
51626,we the people mi pac (superpac),0
63566,maximus inc political action committ,0
164626,committee to elect mike milanowski j,0
67001,curt vanderwall for state senate,0
291643,committee to elect penny crider,0
134906,mi right to vote,0
22910,dykema gossett state pac,0
123272,committee to elect roger hauck,0
5183,cheboygan county democratic committe,0
1667,butzel long pac,0
385169,aecom pac,0
8747,great lakes timber professionals ass,0
60996,roger victory for state senate,0
8771,cms energy corp employees for better,0
1944019,democratic voters pac,0
289839,committee to elect danielle c. hall,0
38946,michigan association of ambulance se,0
61025,aft michigan aftmipac,0
977392,citizens for a better government,0
1204031,lenawee county conservatives,0
1579010,maria mendoza-boc for michigan,0
1117387,moving canton forward together,0
711610,friends of stephanie fakih,0
4654,1st congressional dist rep comm,0
1326329,aaron pac,0
61014,committee to elect kevin hertel,0
1643855,osceola county democratic party,0
272990,michael markey governor race candida,0
1086579,cte adam stathakis,0
1553491,committee to elect kim s. corcoran,0
291532,committee to elect kaleb hudson,0
294377,mi speech language hearing msha pac,0
57598,henry ford comm college fed hfcc pac,0
289722,ron kokinda for state rep,0
70258,bronna kahle for state rep,0
426056,mi leaders of tomorrow,0
41775,rock holdings inc state pac,0
131260,forward together pac,0
372433,fight back fund,0
38952,rodney wakeman for state representat,0
1293564,committee to elect brandon sinclair,0
44492,dte energy company political action,0
1114219,allegan families first,0
124498,michigan education association pac,0
289736,paul robert francis 2022,0
19755,detroit forward together (superpac),0
61017,van buren county republican executiv,0
1498890,committee to elect abby klomparens,0
1694740,tamara garwood for judge,0
1012345,tricia dare for circuit judge,0
49974,michele for michigan,0
1133059,michigan crna pac,0
293010,the committee to elect mary a beebe,0
562766,clare county democratic committee,0
1949253,rebekah warren leadership fund,0
371421,old national bank pac,0
383479,lindsey impact fund,0
153869,mi politics (superpac),0
33111,friends of heidi warrington,0
16459,united we can michigan (superpac),0
1007742,citizens for the michigan animal abu,0
265424,committee to elect jenn hill state r,0
33103,higgins lake property owner associat,0
1674249,committee to re-elect hon. kathleen,0
74274,secure mi vote,0
62154,ann bollin for state rep,0
6502,dearborn heights professional fire f,0
1599454,citizens to elect cady ness-smith,0
19754,albert majority fund,0
288321,lansing association for human rights,0
57578,paul wojno for state senate,0
289881,friends of kelsey heck wood,0
8754,capitol services pac,0
638863,cte donavan mckinney for state rep,0
33110,sevag vartanian for u of m regent,0
101067,montcalm county republican executive,0
1109556,thompson leadership fund,0
51622,committee to elect gary howell,0
1549786,committee to elect rudy m howard jr,0
288224,exelon corporation political action,0
291505,cam cavitt for state representative,0
78804,michigan crypto pac,0
62158,livingston county republican committ,0
1606420,committee to elect christiana reynol,0
70244,committee to elect marc cummings mi,0
218752,michigan society of professional eng,0
218749,forward majority action michigan (su,0
1088414,bierlein majority fund,0
289837,friends of rob kull,0
78801,michigan league of responsible voter,0
136063,jaffe snider raitt heuer and weiss,0
359074,capa21,0
1131501,13th congressional gop,0
49986,jack omalley for state representativ,0
16469,cte doug wozniak,0
12734,michigan ground water assn pac,0
1163876,the big local pac,0
65206,committee to elect tommy brann,0
984000,rffw ballot question committee,0
12731,grosse pointe democratic club,0
325880,citizens to elect monica s. galloway,0
1348458,genentech inc. political action comm,0
1586887,judge patrick william ogrady for mic,0
1289969,maga michigan pac,0
291483,committee to elect jasper martus,0
263251,committee to elect barbara conley,0
977387,committee to protect health care - m,0
57587,canton democratic club,0
268175,friends of james desana,0
65198,zorn leadership fund,0
152300,friends of wmu,0
59222,friends of linda glisman,0
85812,committee to elect dr john bizon,0
293074,greater than,0
1148464,justice for allegan county,0
381659,michiganworks (superpac),0
70261,comcast corporation and nbcuniversal,0
40633,michigan public employees seiu local,0
1924879,committee to elect vanessa moss to 3,0
289895,committee to elect allen wilson for,0
323853,michigan manufacturers association i,0
233184,jacobs solutions inc. political acti,0
31020,family law pac (flspac),0
49963,mi roofers local 149 pac,0
61019,stephanies changemaker fund,0
1557310,rima mohammad for state representati,0
406818,vision for victory,0
293129,friends of jerry neyer,0
1140395,michigan cemetery association pac,0
269576,committee to elect kimberly sheppard,0
59230,jonathan lindsey for state senate,0
1581410,cte jorja baldwin,0
49971,ind mi political action council of t,0
3422,leelanau county republican committee,0
10743,international brotherhood of electri,0
289939,solidarity for jimmie wilson jr,0
1120320,michigan cooperative unity partnersh,0
289719,elect jose flores for mi house of re,0
43271,macomb county democratic committee,0
360171,planned parenthood votes (superpac),0
6501,burglar and fire alarm assn bfaampac,0
181901,michigan pork producers association,0
1359445,committee to elect kevin hesselink o,0
1355057,cte benjamin a. schock for probate c,0
33109,committee to elect scott mcgraw,0
16462,friends of john reilly,0
1924868,committee to elect macie gaines,0
289871,sandy kiesel for state rep,0
293001,committee to elect harry sawicki,0
1683,frankenmuth pac,0
136061,committee to elect tyrone carter,0
289848,cte alicia st germaine,0
1359471,don hicks for state representative,0
288373,utica public affairs-michigan educat,0
19745,ottawa county republican committee,0
288216,american federation of state county,0
1949247,the committee to elect malaika ramse,0
261558,melanie foster for msu trustee,0
1293560,vote novi,0
1749480,robin dillard-russaw for 46th distri,0
1692902,for michigan action fund,0
77549,potato growers of michigan inc pac,0
1415186,tim kelly for state representative,0
151156,great lakes education project,0
1922959,huwaida arraf for umich regent,0
1084165,mackinac couty republican committee,0
1949880,somos pac (superpac),0
14854,benzie county republican party,0
1581409,committee to elect herman griffin,0
1335915,committee to elect robert p. coutts,0
265416,committee to elect dave staudt,0
86719,pepsico inc concerned citizens fund,0
289776,jeffrey noel for michigan state hous,0
78808,value for michigan,0
85799,michigan association for justice jus,0
38947,kellanova political action committee,0
54181,kara hope for state representative,0
3412,committee to retain judge joseph lon,0
1808726,the justice project,0
288308,james benison for court of appeals,0
8749,committee to elect lori stone,0
186332,inspire michigan,0
123285,muskegon county democratic party,0
1577174,committee to elect ron robinson,0
99893,mainstreet political action committe,0
1676112,karyn tomczyk for 55th judge,0
1084168,american clean power association cle,0
288228,friends of nmu,0
1138971,jeremy garza leadership pac,0
1700112,demand justice pac,0
61015,lasinski for michigan pac,0
19735,shiawassee county democratic party,0
1296911,road sprinkler fitters local union n,0
1954465,friends of lisa brayton,0
38943,realtors pac of mi ii,0
61008,a more perfect michigan pac,0
134901,cte william thompson,0
244288,wayne 12th congressional district re,0
331025,concerned citizens committee (super,0
86722,mi regional carpenters mrcc pac,0
57601,m power pac,0
49988,wayne county democratic black caucus,0
286839,miller canfield pac,0
6531,oakland county democratic party,0
16454,committee to elect jeremiah keeler,0
1581399,evergreen action,0
1953086,susan longsworth for judge,0
6528,mi milk producers pac,0
7220,judge ray voet for court of appeals,0
291632,avery d rose for probate judge,0
1155070,andrews majority political action co,0
66991,jeff johnson for mi,0
289927,steven chisholm for state representa,0
289866,committee to elect paul pirrone,0
419787,mi dental hygienists pac mdh pac,0
16474,annette glenn for michigan,0
65194,cte winnie brinks for senate,0
55535,friends of bronwyn haltom,0
151173,make michigan great (superpac),0
85814,brad paquette for state representati,0
301964,committee to reelect marilyn kelly,0
49966,swing left michigan state fund,0
993172,get smit done leadership fund,0
1498892,resolute republic superpac,0
261564,forest hills democratic club,0
638859,defend freedom,0
70252,committee to elect donna lasinski,0
12741,shiawassee county repulican executiv,0
289730,friends of ksenia milstein,0
1618816,ne mi league of conservative educati,0
289911,friends of neil oza,0
510771,michigan leadership committee pac (s,0
289887,friends of troy rolling,0
550894,scott barlow for michigan,0
289898,committee to elect katie kniss,0
132992,cte jon rocha,0
49973,michigan harness horsemens associati,0
289791,committee to elect jordan genso,0
61018,committee to elect shawn petri state,0
1415191,committee to elect matthew j. wojda,0
1586886,judge mark boonstra for michigan sup,0
1687,washtenaw county democratic committe,0
294552,genesee county republican party,0
387850,bank of america corporation state an,0
1346701,our land our rights,0
289817,committee to elect james e johnson j,0
263260,committee to elect kevin counts,0
293008,committee to elect julie jensen for,0
270879,committee to elect becket j jones 8,0
1855216,mi poder pac (superpac),0
1220477,smalltown values pac,0
833904,committee to elect paul whitney,0
6525,wexford county republican committee,0
1956014,southwest michigan building trades p,0
48529,plumbers union local 98,0
6508,michigan manufacturers association p,0
54184,united food and commercial workers m,0
289930,jason negri for state representative,0
1304732,committee to elect william paul slou,0
1581397,adrienne nicole young for judge,0
134913,huron county republican party,0
1088403,save our guns,0
65178,cte john damoose for state represent,0
265428,cte greg alexander for state represe,0
1615471,friends of theodore jones,0
1665489,automotive recyclers of michigan pol,0
4650,friends of anthony paesano,0
291462,committee to elect dale w zorn for,0
158136,parents not politicians,0
1694744,jeffrey worosz for circuit court jud,0
266564,committee to elect david lacasse dis,0
1020754,citizens to save our public safety a,0
8753,detroit auto dealers pac,0
1589014,shauna ryder diggs for university of,0
402526,capitol affairs pac,0
60985,committee to elect chris tuski,0
10746,coam capital campaign fund,0
16463,manistee county democratic committee,0
59243,committee to elect amos oneal,0
1163868,river raisin conservatives,0
294326,judge michael warren for court of ap,0
60988,friends of matt maddock  for st rep,0
289760,elect seth getz,0
1723477,macdonell action committee pac,0
1354356,solidarity for michigan,0
272985,friends of mike mcfall,0
78811,cte mick bricker,0
1665504,educated we stand,0
289789,service corp international pac,0
289820,committee to elect jenny l. mcneill,0
1278729,glbr for effective government,0
293136,community to elect houston james,0
1707224,wayne 6th congressional district rep,0
289909,committee to elect maurice imhoff,0
63563,the committee to elect mike hoadley,0
219874,the scotts miracle gro co stewardshi,0
1335907,friends of kathy g. pelleran-mahoney,0
977389,ionia county republican party,0
8767,john roth for state rep committee,0
139134,jewish agency political action commi,0
218748,rooted in community leadership pac,0
1410117,friends of abby wheeler,0
1688,michigan petroleum association polit,0
49981,michigan orthopaedic society pac,0
261557,bank on wayne county,0
260345,national assoc of social workers pac,0
1952925,referendums of michigan,0
1278723,livonia democratic club state local,0
289830,committee to elect john wetzel,0
1694754,committee to retain judge laura e. p,0
288144,committee to elect joshua s. eldenbr,0
1417056,friends of morgan foreman,0
123283,tudor dixon for governor inc,0
85797,committee to elect jason wentworth,0
1667307,blue water leadership fund,0
85800,kent county republican committee,0
270873,keep judge kirsten hartig,0
66999,stamas leadership pac,0
47684,aric nesbitt for state senate,0
1131494,committee to elect melandie hines fo,0
70260,defense pac,0
289889,renewal republican pac,0
427986,sister district project,0
16451,ford motor company civic action fund,0
837889,the committee to retain tony flores,0
1583164,rasha demashkieh for wsu,0
291400,elect amanda siggins,0
514406,women vote michigan (superpac),0
65205,friends of will snyder,0
997559,oakland educators pac,0
288382,singh majority fund,0
12743,united association of plumbers and p,0
85816,plunkett and cooney pc pac,0
1749491,committee to keep judge jennifer dee,0
11558,rosemary bayer for senate,0
1086582,kevin coleman future leaders fund,0
8748,michigan automobile dealers politica,0
234369,architects political action committe,0
51623,michigan commercial real estate pac,0
1497062,pointers for academic excellence (su,0
218735,friends of michigan community action,0
168252,conservation voters of michigan pac,0
131261,local 357 plumbers and pipefitters p,0
1107978,trust the truth (superpac),0
59223,grow michigan pac,0
1289968,concerned parents coalition of michi,0
49965,ken horn for senate,0
38954,michigan freedom network,0
1117379,nesbitt for michigan,0
49987,michael brown for governor,0
134894,cte terence mekoski,0
8768,the committee to elect tom kunse,0
323863,committee to elect mary cavanagh,0
291487,committee to elect wendy jo watters,0
293011,friends of sarah may seward,0
1062104,mcfall leadership fund,0
275169,amgen inc political action committee,0
95120,elect jim runestad for state senate,0
55537,committee to elect todd schorle ii,0
1117354,friends of don keskey,0
1551378,nancy chinonis for circuit judge,0
286840,committee to elect jeremy whittum,0
1312219,sharifa kerene moore for judge,0
99896,the pac for americas future mi,0
1564334,friends of tommy brann,0
272986,committee to elect natalie price,0
3415,kalamazoo county republican committe,0
1559239,committee to elect peter kulas-domin,0
331969,michigan good guys,0
1245343,western wayne county pac,0
288118,landscape architects of michigan pac,0
956033,ultraviolet pac - mi (super pac),0
49979,committee to elect ann manary state,0
363504,the ashley capital pac,0
134907,cte robert regan,0
381636,wells fargo and company employee pac,0
68690,helena scott for michigan pac,0
1613439,angela jones committee to elect,0
70259,committee to elect melanie macey,0
151166,michigan concrete association politi,0
416376,american fed of state county and mun,0
43275,working class party committee,0
57600,4th congressional dist rep comm,0
101069,michigan senate democratic fund,0
291658,ingham county democratic executive c,0
67006,west michigan anesthesia pac,0
47679,huntington national bank-michigan po,0
124494,emilys list michigan,0
123282,ingham county republican committee,0
1551370,josh rockey for state rep,0
260362,edupac1,0
1696942,votevets,0
1337826,liberati for michigan,0
216535,mastronardi produce west pac,0
55517,lewis and munday pac,0
6515,roscommon county official democratic,0
65208,moving genesee county forward pac,0
57581,kim lasata for state senate,0
220772,brixie for michigan fund,0
294348,tamara d carlone for state board of,0
1681,mecosta county republican party,0
132979,retired troopers pac,0
1324845,jeff gorman 4 no regrets,0
1348472,midwives delivering for mi,0
123274,donna brandenburg for governor,0
1141510,american hotel and lodging associati,0
1114231,enduring majority fund,0
1333175,committee to elect daniel ohara,0
244289,michigan forest products council,0
1348457,committee to elect k.c. baran,0
4641,property management assn pmam pac,0
55538,committee to elect steven thomas,0
291583,candicepac,0
325894,committee to elect earl lackie for m,0
265414,friends of reggie miller,0
60999,julie rogers for state rep,0
95117,michigan strategic leadership fund,0
55539,committe to elect diane saber,0
5188,huron county democratic committee,0
16456,yes on national popular vote of mich,0
5186,novi democratic club,0
57607,committee to elect mike shirkey stat,0
1089384,anthony pac,0
60993,friends of greg vanwoerkom,0
6522,markkanen leadership fund,0
19738,benzie county democratic committee,0
1707213,westside forward pac,0
234377,sherry gay dagnogo strong women lead,0
4642,antrim county democratic party,0
10742,lenawee county republican committee,0
57595,osceola county republican committee,0
57589,whiteford leadership fund,0
1012334,purpose financial inc. pac,0
201697,protect michigan craft beer,0
303979,committee to elect michael behm rege,0
6521,dearborn democratic club pac,0
557070,hillsdale county republican party,0
1109554,webber majority fund,0
65200,brinks for michigan,0
55519,insurance alliance of michigan polit,0
1318243,committee to elect eric r. fox,0
12736,michigan association of county clerk,0
835619,national rifle association political,0
1299407,committee to elect matthew castillo,0
1562588,committee to elect doug murch,0
6503,capitol city labor program advocacy,0
134895,kent douglas for state representativ,0
8769,shri thanedar for michigan,0
391396,committee to elect ron l. haywood,0
289827,friends of brian elder,0
1193555,republican ladies leading lansing,0
57576,paul steven jancha for district cour,0
1412578,progressive courts pac,0
181898,home builders association political,0
200230,daley majority fund,0
289880,committee to elect kristen mcdonald,0
134920,peoples choice diane randall cte,0
289781,kevin hertel for state senate,0
1120325,8th congressional district republica,0
550899,team paul taros,0
289894,aisha m farooqi for state representa,0
132981,matthew deperno for michigan,0
137564,cte mellissa carone,0
1069327,committee to elect jeffrey clothier,0
1281110,northville leadership fund,0
1954387,comm to elect kahlilia yvette davis,0
387855,michigan pray,0
60984,committee to elect roger hauck (stat,0
1140403,holcim us employees michigan pac,0
288176,altria group inc political action co,0
1949268,committee to elect ronald singer,0
123280,michigan house democratic fund,0
275180,great lakes gun rights pac,0
286849,kristy pagan leadership fund,0
289750,vote kim nagy committee,0
19751,carter for michigan pac,0
1686,greater oakland republicans,0
1248424,developing michigan,0
291591,chang future fund,0
260349,unity in action,0
293108,chris wickman for judge,0
1637882,citizens for a better mid-michigan p,0
293140,linda clor for state rep,0
158137,michigan chamber of commerce pac ii,0
1137034,fitzgerald for michigan pac,0
1700098,caresource mission political action,0
68682,committee to retain judge cori barkm,0
1717640,rising voices action fund superpac,0
101068,lansing regional chamber lrc pac,0
68693,committee to elect matt koleszar,0
608375,kelly sackett for state rep,0
406822,lakeshore leaders fund,0
11560,bayer for michigan,0
1577171,friends of tonya myers phillips,0
288389,united parcel service inc pac (upspa,0
38948,business leaders for michigan pac,0
288142,singh pac,0
1357473,horsepower pac,0
61002,padma for the people pac,0
101066,mi laborers political league,0
1329303,jonathan j. paasch for 63rd district,0
828904,committee to elect kimberly kennedy,0
424965,womens political committee,0
38958,republican state leadership committe,0
4645,grand rapids police officers assoc p,0
293167,protect life committee supporting wo,0
293006,true boards,0
136065,reproductive freedom for all,0
43266,teamsters 1038 political action comm,0
1626062,committee to elect catherine sala,0
292988,make liberty win superpac,0
288209,citizens for honest government,0
134896,gratiot county democratic party,0
1689144,democracy defenders pac,0
294373,citizens to elect patricia susan fre,0
263261,citizens to elect kathy schmaltz,0
70256,empower mi vote,0
78806,grand traverse county democratic com,0
289878,elect padma kuppa,0
70250,allegan county republican committee,0
200214,michigan needs an adjustment,0
67008,health care association of michigan,0
1117363,schuette majority fund,0
70253,us ecology inc pac michigan,0
43269,bay county democratic party,0
294558,the committee to elect jeffrey lockw,0
291338,get michigan working again (superpac,0
33106,teamsters 243 political action commi,0
289798,michael brodsky for michigan,0
4649,south lyon area democrats,0
1402328,red pilled michigan pac,0
62156,committee to elect gina johnsen,0
57579,st joseph county democratic committe,0
1335901,committee to elect amanda odette,0
381653,libertarian party of mi exec comm in,0
5184,committee to elect nicholas john hat,0
268174,diana lynn mcclain,0
10748,pioneer state mutual pac,0
289856,christian velasquez for state senate,0
983994,committee to elect jessie couch,0
1648322,keep livingston great superpac,0
291390,richard bernstein for justice,0
1671,tuscola county republican party,0
123268,friends of chris stewart,0
68681,planned parenthood advocates of mi,0
136879,state police command officers associ,0
1351299,friends of kevin ziegler for state r,0
86720,elect ryan berman,0
1723479,ryan deel for 52-3 district court ju,0
1335916,graphic communications council distr,0
70233,weiss for michigan,0
218753,the michigan leadership fund,0
55530,state farm mutual automobile insuran,0
293112,friends of albert mansour,0
12740,michigan society of anesthesiologist,0
68689,community to elect tc clements,0
78805,curtis hertel jr for senate,0
1749490,private property rights michigan pac,0
1567483,randy j. wallace for court of appeal,0
1559234,the committee to elect jon leroux,0
132989,republican oakland county commission,0
16467,jackson county republican committee,0
1717652,michiganders for the future (superpa,0
1674886,real safety pac,0
1573100,the committee to elect kendrah robin,0
1417057,committee to elect emily jipp for ci,0
99904,the julie brixie blue wave fund 2,0
291389,committee to keep renee knake jeffer,0
294502,progressive democratic womens caucus,0
1013758,nancy deboer leadership fund,0
402528,namic pac,0
289782,committee to elect katybeth davis,0
1059422,michigan health access alliance,0
1667289,roth leadership fund,0
99898,keep michigan safe,0
293048,john dahlgren for state representati,0
1417058,jason dillingham for state represent,0
217488,afendoulis for michigan pac,0
289801,committee to elect frank j wasung,0
294337,committee to elect ryan john tetloff,0
134915,automobile club of michigan politica,0
1063113,committee to elect anthony r. servit,0
59229,for our futures fund,0
289774,daylen howard for senate,0
1683240,corning incorporated employees polit,0
1698388,michigan greenhouse growers politica,0
1583166,comm to elect nicolette m snyder,0
326901,committee to elect robert womack,0
1004013,friends of mai xiong,0
4651,committee to elect mark tisdel,0
550919,nuestro pac - mi (superpac),0
43267,st joseph county republican comm,0
19743,clare county republican party,0
289916,friends of matthew bierlein,0
19734,chippewa co dem party,0
291374,pat miles for attorney general,0
57569,michigan veterinary medical associat,0
158140,fawn armstrong for judge,0
1674,terence mekoski for senate,0
514403,los angeles womens giving collective,0
1030266,seiu local 1 michigan political educ,0
1498886,vote save america,0
429536,colorofchange pac (superpac),0
16478,michigan credit union league action,0
289829,shadia martini for state representat,0
1007744,denise ilitch for u of m regent,0
288299,great lakes community investment pac,0
294311,kent county democratic party,0
294342,magellan health pac,0
62161,committee to elect padma kuppa,0
331024,international association of fire fi,0
1555403,committee to elect timothy odykirk,0
835656,philip cavanagh for 3rd circuit judg,0
57570,mi assn of health plans pac mahp pac,0
49990,midland county republican committee,0
95118,nesbitt majority fund,0
296797,friends to elect steve meckley,0
49992,meijer political action committee,0
31021,county road association roads plus,0
65191,noah arbit for michigan,0
1703629,odp mi (superpac),0
4656,rochester area democratic club pac,0
289835,committee to elect debra warren,0
951641,stronger fairer forward mi pac,0
137560,aft michigan independent expenditure,0
402537,tech for campaigns (super pac),0
1899508,gopac election fund,0
14859,lapeer county republican party,0
60976,charlevoix county republican committ,0
263266,klint kesto for senate,0
70240,friends of mark huizenga,0
1289970,noahs arc majority fund,0
289759,brian begole for state rep,0
57591,arianne slay for judge,0
1591120,anissa buffin state house rep. d67,0
514402,gun rights america (superpac),0
139105,michigan beverage association pac,0
1953052,dana thompson for wayne state,0
95115,friends of jim lilly,0
4648,alex garza for state representative,0
1549782,friends to elect tom konesky,0
70255,wave michigan,0
1278730,faith family and freedom fund,0
1589029,cte ziad abdulmalik,0
47677,amerisure pac ameripac,0
617732,mason county democratic party,0
1059451,south lyon area republicans,0
133002,citizens to elect justin noordhoek,0
289833,friends of robyn mccoy,0
326910,michigan fraternal order of police,0
38942,michele hoitenga for state senate,0
261560,baraga co rep comm,0
293030,committee to retain judge mark slave,0
51621,daga pac michigan,0
289732,committee to elect brennen gorman,0
288248,friends of barb anness,0
181900,mamc clerk pac,0
1318245,cte frank perez,0
186343,women of michigan action network pac,0
1009456,great lakes physicians organization,0
121638,unitedhealth group incorporated pac,0
291305,leadingage michigan pac,0
1443363,maria ruggirello for 35th district j,0
1714828,sanofi-aventis u s inc employees pol,0
289747,supporters of john cherry,0
360175,eastside republican club pac,0
14856,friends of kathy white,0
218756,let mi kids learn,0
1567478,brian ignatowski for state represent,0
8757,michigan physical therapy pac,0
289780,committee to elect michelle smith,0
200210,west michigan cannabis guild,0
6512,committee to elect andrew beeler,0
292994,branch county democratic executive c,0
1005901,josh powell for michigan,0
1402329,woolford victory fund,0
57586,keep improving michigan pac,0
1680,barrett brigade leadership fund pac,0
331015,employees of dupont pac dupont de,0
70247,mi7th cdrc,0
1643854,end gun violence michigan action ind,0
1438582,committee to elect christian marcus,0
405230,philpac,0
102990,gretchen whitmer for governor,0
57582,monroe county republican party execu,0
1163871,northern lights leadership fund,0
6533,committee to elect laurie pohutsky,0
151162,right to life of michigan state poli,0
59224,grand rapids firefighters union pac,0
62149,barry county republican committee,0
61001,green party of michigan committee,0
12733,macomb county republican committee,0
1131497,michigan justice advocacy bqc,0
1805530,the justice project ie pac superpac,0
86716,brotherhood of locomotive engineers,0
291638,committee to elect todd m morgan to,0
4646,plymouth democratic club,0
57580,meerman majority fund,0
205313,mac pac,0
419788,friends of matt hall pac,0
59228,cte lily cheng schulting,0
1553493,vote mama,0
